student_id,faculty_id,attendance,assignment_score,internal_marks,quiz_score,previous_semester_marks,average_score,attendance_ratio,performance_drop,score_variance,risk_level
STU0001,FAC001,80.9,81.7,81.0,75.2,52.2,79.3,0.809,-27.1,8.34,Low Risk
STU0002,FAC001,69.5,99.4,73.9,52.6,60.7,75.29,0.695,-14.6,365.11,Medium Risk
STU0003,FAC001,83.7,39.8,60.9,48.1,50.3,49.6,0.837,0.72,75.13,Low Risk
STU0004,FAC001,99.4,75.1,50.3,61.9,58.1,62.46,0.994,-4.38,102.95,Low Risk
STU0005,FAC001,67.8,53.3,70.5,59.1,32.7,60.96,0.678,-28.25,50.93,Low Risk
STU0006,FAC001,67.8,56.2,65.9,54.3,66.4,58.81,0.678,7.6,25.78,Medium Risk
STU0007,FAC001,100.0,54.3,73.4,73.8,63.0,67.2,1.0,-4.18,82.77,Low Risk
STU0008,FAC001,85.8,49.4,69.5,78.2,49.9,65.74,0.858,-15.81,145.34,Low Risk
STU0009,FAC001,63.5,65.9,75.7,63.5,73.5,68.37,0.635,5.17,28.1,Medium Risk
STU0010,FAC001,81.8,50.0,52.0,87.1,78.0,63.04,0.818,14.96,290.4,Low Risk
STU0011,FAC001,63.7,69.9,79.8,42.6,37.3,64.07,0.637,-26.79,247.05,Low Risk
STU0012,FAC001,63.6,64.1,63.0,58.7,50.8,61.92,0.636,-11.13,5.38,Low Risk
STU0013,FAC001,76.4,60.7,91.1,49.8,50.7,67.21,0.764,-16.52,305.71,Low Risk
STU0014,FAC001,37.6,48.7,49.7,30.3,48.0,42.86,0.376,5.1,79.5,High Risk
STU0015,FAC001,41.0,54.6,86.0,60.6,76.3,67.08,0.41,9.19,185.61,Medium Risk
STU0016,FAC001,61.9,78.6,63.0,59.9,59.9,67.17,0.619,-7.27,66.88,Low Risk
STU0017,FAC001,53.8,74.0,50.2,87.7,58.8,70.66,0.538,-11.89,240.01,Medium Risk
STU0018,FAC001,77.7,47.4,52.7,72.7,30.9,57.62,0.777,-26.68,118.76,Low Risk
STU0019,FAC001,55.7,66.8,55.2,44.6,73.2,55.52,0.557,17.64,82.19,High Risk
STU0020,FAC001,46.6,78.5,66.4,93.5,43.2,79.47,0.466,-36.3,123.36,Medium Risk
STU0021,FAC001,98.4,35.0,67.8,82.8,64.0,61.85,0.984,2.11,398.87,Low Risk
STU0022,FAC001,67.9,74.8,51.4,71.9,67.4,66.02,0.679,1.41,108.39,Low Risk
STU0023,FAC001,73.2,53.1,59.6,58.1,84.8,56.95,0.732,27.82,7.89,Medium Risk
STU0024,FAC001,46.4,75.3,92.1,45.7,42.1,71.03,0.464,-28.97,368.5,Medium Risk
STU0025,FAC001,62.2,51.3,85.9,55.7,14.7,64.28,0.622,-49.59,237.19,Low Risk
STU0026,FAC001,74.0,32.5,66.5,80.5,65.9,59.86,0.74,6.09,406.32,Medium Risk
STU0027,FAC001,51.3,35.7,60.6,94.0,91.8,63.44,0.513,28.37,571.25,High Risk
STU0028,FAC001,78.8,65.9,61.8,88.2,82.8,71.97,0.788,10.86,135.08,Low Risk
STU0029,FAC001,61.2,69.7,69.2,53.7,66.4,64.19,0.612,2.17,55.16,Low Risk
STU0030,FAC001,66.7,48.7,44.7,43.0,55.1,45.45,0.667,9.68,5.83,Medium Risk
STU0031,FAC001,61.2,76.5,56.1,64.4,75.9,65.68,0.612,10.24,69.88,Medium Risk
STU0032,FAC001,100.0,35.1,35.0,31.9,47.4,34.0,1.0,13.42,2.13,Medium Risk
STU0033,FAC001,71.8,63.8,66.0,67.5,70.6,65.76,0.718,4.86,2.29,Low Risk
STU0034,FAC001,53.0,43.2,69.7,59.5,71.1,57.47,0.53,13.62,119.14,High Risk
STU0035,FAC001,86.8,53.3,52.8,54.1,80.0,53.37,0.868,26.6,0.3,Medium Risk
STU0036,FAC001,50.0,65.9,83.6,34.9,100.0,61.45,0.5,38.55,405.29,High Risk
STU0037,FAC001,75.8,49.5,41.6,70.7,69.3,53.95,0.758,15.33,151.16,Medium Risk
STU0038,FAC001,36.7,58.1,38.0,52.9,54.9,49.69,0.367,5.17,72.27,High Risk
STU0039,FAC001,48.1,83.1,63.4,42.1,62.6,62.86,0.481,-0.27,280.32,Medium Risk
STU0040,FAC001,75.5,54.6,75.7,13.2,34.7,47.83,0.755,-13.14,674.79,Medium Risk
STU0041,FAC001,85.3,80.0,85.3,61.5,51.9,75.61,0.853,-23.73,103.64,Low Risk
STU0042,FAC001,75.1,44.7,53.1,92.1,56.5,63.3,0.751,-6.85,427.34,Low Risk
STU0043,FAC001,69.9,74.5,76.2,90.2,54.6,80.32,0.699,-25.7,49.67,Low Risk
STU0044,FAC001,66.6,90.9,59.4,54.2,65.4,68.2,0.666,-2.76,263.24,Low Risk
STU0045,FAC001,45.4,20.5,57.4,51.8,49.8,43.23,0.454,6.61,263.36,High Risk
STU0046,FAC001,59.0,50.7,73.3,70.0,80.9,64.63,0.59,16.31,99.39,High Risk
STU0047,FAC001,63.7,75.4,69.8,45.0,63.0,63.4,0.637,-0.4,174.0,Low Risk
STU0048,FAC001,91.0,61.3,36.4,67.1,62.9,54.94,0.91,7.91,178.36,Medium Risk
STU0049,FAC001,78.2,71.7,82.1,75.0,57.8,76.28,0.782,-18.53,19.06,Low Risk
STU0050,FAC001,40.3,54.1,80.7,82.9,65.5,72.56,0.403,-7.08,170.69,Medium Risk
STU0051,FAC001,77.8,66.6,50.6,60.3,76.2,59.16,0.778,17.04,43.01,Medium Risk
STU0052,FAC001,65.1,62.2,65.9,58.5,49.1,62.22,0.651,-13.1,9.13,Low Risk
STU0053,FAC001,59.8,86.0,67.4,47.1,52.5,66.83,0.598,-14.36,252.96,Medium Risk
STU0054,FAC001,83.0,69.6,63.9,47.9,58.1,60.48,0.83,-2.34,83.91,Low Risk
STU0055,FAC001,90.6,71.1,51.7,58.1,41.5,60.32,0.906,-18.86,64.65,Low Risk
STU0056,FAC001,88.8,57.6,49.9,68.2,49.9,58.59,0.888,-8.69,56.43,Low Risk
STU0057,FAC001,56.9,56.2,59.6,77.5,55.4,64.46,0.569,-9.08,87.38,Medium Risk
STU0058,FAC001,66.4,57.2,77.6,48.3,77.0,61.05,0.664,15.94,149.9,Medium Risk
STU0059,FAC001,78.0,72.1,68.2,87.4,67.2,75.88,0.78,-8.68,68.71,Low Risk
STU0060,FAC001,89.6,57.4,54.4,57.4,66.1,56.42,0.896,9.68,1.95,Medium Risk
STU0061,FAC001,63.4,70.2,71.6,61.6,76.6,67.81,0.634,8.8,19.36,Medium Risk
STU0062,FAC001,68.7,100.0,17.3,49.3,60.8,55.52,0.687,5.28,1160.04,Medium Risk
STU0063,FAC001,52.1,80.7,77.2,20.8,69.2,59.57,0.521,9.68,753.87,High Risk
STU0064,FAC001,50.5,59.1,33.9,77.0,61.3,56.69,0.505,4.66,312.94,High Risk
STU0065,FAC001,86.6,86.6,54.6,74.5,67.2,71.9,0.866,-4.66,174.73,Low Risk
STU0066,FAC001,96.4,57.7,43.2,57.2,53.7,52.69,0.964,0.98,45.04,Low Risk
STU0067,FAC001,70.7,28.3,40.6,63.1,24.0,44.01,0.707,-20.03,208.02,Medium Risk
STU0068,FAC001,90.1,46.9,77.4,70.8,60.9,65.01,0.901,-4.16,172.21,Low Risk
STU0069,FAC001,78.5,31.3,53.0,35.4,85.8,39.92,0.785,45.85,88.21,High Risk
STU0070,FAC001,60.4,58.7,65.2,53.0,77.8,58.96,0.604,18.86,24.81,Medium Risk
STU0071,FAC001,78.5,65.3,59.3,75.5,78.4,66.71,0.785,11.74,44.72,Low Risk
STU0072,FAC001,99.7,95.2,67.2,40.7,82.8,67.67,0.997,15.11,495.15,Medium Risk
STU0073,FAC001,71.4,70.9,61.2,67.0,64.4,66.34,0.714,-1.92,16.0,Low Risk
STU0074,FAC001,100.0,61.1,40.8,38.9,66.2,46.92,1.0,19.24,100.52,Medium Risk
STU0075,FAC001,24.8,79.9,74.9,69.9,53.1,74.93,0.248,-21.82,16.67,Medium Risk
STU0076,FAC001,86.8,25.2,52.6,61.4,57.9,46.4,0.868,11.55,237.55,Medium Risk
STU0077,FAC001,73.6,69.2,36.7,34.5,72.9,46.81,0.736,26.04,252.28,Medium Risk
STU0078,FAC001,66.6,78.9,53.6,81.8,82.3,71.42,0.666,10.84,160.56,Medium Risk
STU0079,FAC001,73.7,38.4,82.5,49.5,60.8,56.8,0.737,3.97,351.1,Medium Risk
STU0080,FAC001,36.2,85.6,72.8,48.2,55.8,68.86,0.362,-13.06,240.25,Medium Risk
STU0081,FAC001,68.0,71.1,54.8,65.4,63.0,63.76,0.68,-0.75,45.77,Low Risk
STU0082,FAC001,78.4,57.5,54.8,81.5,72.6,64.6,0.784,8.02,144.46,Low Risk
STU0083,FAC001,98.6,76.4,55.2,44.7,39.9,58.77,0.986,-18.87,173.49,Low Risk
STU0084,FAC001,62.7,100.0,91.2,63.0,26.3,84.73,0.627,-58.47,248.16,Low Risk
STU0085,FAC001,57.4,68.3,65.7,69.3,54.2,67.76,0.574,-13.57,2.24,Medium Risk
STU0086,FAC001,63.0,69.5,66.5,73.8,43.5,69.9,0.63,-26.43,9.05,Low Risk
STU0087,FAC001,88.5,56.7,75.5,65.0,54.9,65.73,0.885,-10.86,58.69,Low Risk
STU0088,FAC001,77.9,49.7,63.6,55.8,60.6,56.35,0.779,4.29,32.28,Low Risk
STU0089,FAC001,62.5,79.9,56.1,47.9,55.7,61.33,0.625,-5.58,184.43,Low Risk
STU0090,FAC001,81.2,49.6,57.1,63.5,86.2,56.7,0.812,29.54,32.14,Medium Risk
STU0091,FAC001,73.7,66.3,58.9,43.8,68.2,56.33,0.737,11.9,87.86,Medium Risk
STU0092,FAC001,89.4,56.4,59.4,12.3,67.8,42.73,0.894,25.08,463.31,High Risk
STU0093,FAC001,59.4,73.6,70.9,69.4,73.0,71.32,0.594,1.64,3.02,Medium Risk
STU0094,FAC001,66.1,71.0,60.8,77.4,44.8,69.72,0.661,-24.94,46.69,Low Risk
STU0095,FAC001,64.9,83.7,71.0,21.8,79.6,58.83,0.649,20.79,711.38,High Risk
STU0096,FAC001,45.7,55.8,58.8,44.8,61.8,53.15,0.457,8.64,36.02,High Risk
STU0097,FAC001,77.3,60.1,61.2,72.5,73.7,64.62,0.773,9.11,31.46,Low Risk
STU0098,FAC001,76.7,47.4,30.0,97.0,45.9,58.13,0.767,-12.28,804.81,Medium Risk
STU0099,FAC001,72.1,57.0,73.7,62.4,38.1,64.37,0.721,-26.23,48.74,Low Risk
STU0100,FAC001,67.8,71.8,65.2,49.6,76.1,62.2,0.678,13.88,86.38,Medium Risk
STU0101,FAC001,46.5,78.6,75.0,58.9,69.0,70.83,0.465,-1.81,73.49,Medium Risk
STU0102,FAC001,64.4,48.4,16.6,85.4,48.6,50.11,0.644,-1.54,790.75,Medium Risk
STU0103,FAC001,65.8,80.7,91.3,51.0,49.1,74.33,0.658,-25.25,290.75,Low Risk
STU0104,FAC001,57.6,89.4,57.9,48.4,81.0,65.24,0.576,15.77,306.9,High Risk
STU0105,FAC001,69.1,72.4,76.6,53.8,44.0,67.62,0.691,-23.65,98.49,Low Risk
STU0106,FAC001,79.3,98.8,44.4,45.8,89.3,62.99,0.793,26.29,640.78,Medium Risk
STU0107,FAC001,100.0,51.1,69.2,64.1,48.6,61.45,1.0,-12.86,58.19,Low Risk
STU0108,FAC001,75.1,42.6,44.2,89.6,73.2,58.8,0.751,14.41,475.2,Medium Risk
STU0109,FAC001,76.6,33.0,50.6,67.5,57.7,50.37,0.766,7.37,198.52,Medium Risk
STU0110,FAC001,70.7,91.9,88.7,57.7,72.7,79.45,0.707,-6.8,238.03,Low Risk
STU0111,FAC001,37.5,76.8,57.1,57.0,54.3,63.65,0.375,-9.36,86.15,Medium Risk
STU0112,FAC001,71.5,64.0,63.3,35.4,60.4,54.23,0.715,6.17,176.87,Medium Risk
STU0113,FAC001,73.1,70.0,73.1,77.0,63.7,73.37,0.731,-9.71,8.15,Low Risk
STU0114,FAC001,100.0,44.7,67.4,60.7,47.0,57.62,1.0,-10.65,90.52,Low Risk
STU0115,FAC001,68.5,100.0,62.3,58.9,74.9,73.73,0.685,1.12,346.91,Medium Risk
STU0116,FAC001,77.4,67.3,65.5,100.0,54.8,77.6,0.774,-22.81,251.45,Low Risk
STU0117,FAC001,71.4,67.0,96.1,67.1,59.3,76.7,0.714,-17.36,187.24,Low Risk
STU0118,FAC001,51.0,78.1,59.1,49.2,47.1,62.14,0.51,-15.05,143.18,Medium Risk
STU0119,FAC001,92.6,73.7,63.0,54.8,22.0,63.81,0.926,-41.81,59.89,Low Risk
STU0120,FAC001,85.5,69.0,75.8,81.5,59.9,75.44,0.855,-15.49,26.07,Low Risk
STU0121,FAC001,86.2,50.8,76.6,63.9,100.0,63.76,0.862,36.24,111.05,Medium Risk
STU0122,FAC001,55.6,73.5,77.8,37.5,75.6,62.95,0.556,12.61,325.63,High Risk
STU0123,FAC001,97.3,98.9,69.6,77.6,62.7,82.03,0.973,-19.34,152.72,Low Risk
STU0124,FAC001,46.8,89.2,42.9,50.6,58.8,60.9,0.468,-2.11,410.91,Medium Risk
STU0125,FAC001,82.6,93.7,84.5,93.8,63.4,90.67,0.826,-27.32,19.06,Low Risk
STU0126,FAC001,100.0,55.8,42.8,80.4,71.8,59.65,1.0,12.1,242.51,Medium Risk
STU0127,FAC001,54.2,47.2,64.5,54.4,44.1,55.37,0.542,-11.27,50.66,Medium Risk
STU0128,FAC001,61.8,62.7,48.7,83.8,80.8,65.07,0.618,15.76,207.95,Medium Risk
STU0129,FAC001,73.8,66.0,59.0,63.2,74.4,62.73,0.738,11.71,8.17,Medium Risk
STU0130,FAC001,62.9,84.7,64.9,76.5,74.5,75.37,0.629,-0.88,65.73,Low Risk
STU0131,FAC001,44.1,34.5,64.8,70.2,70.0,56.53,0.441,13.48,246.82,High Risk
STU0132,FAC001,73.2,92.5,66.3,47.6,63.3,68.82,0.732,-5.51,339.41,Medium Risk
STU0133,FAC001,52.9,62.2,84.2,51.1,73.8,65.81,0.529,7.96,189.78,Medium Risk
STU0134,FAC001,80.5,57.3,66.8,79.5,72.5,67.88,0.805,4.59,82.67,Low Risk
STU0135,FAC001,55.5,46.8,56.3,56.3,57.3,53.14,0.555,4.19,20.23,Medium Risk
STU0136,FAC001,99.9,35.2,74.5,55.1,53.8,54.94,0.999,-1.11,256.76,Low Risk
STU0137,FAC001,57.9,79.8,77.8,45.8,64.6,67.81,0.579,-3.18,243.63,Medium Risk
STU0138,FAC001,66.2,66.3,41.6,69.2,87.8,59.04,0.662,28.75,153.63,Medium Risk
STU0139,FAC001,86.6,41.8,69.0,97.1,43.2,69.27,0.866,-26.09,509.4,Low Risk
STU0140,FAC001,49.8,41.7,70.5,43.9,39.5,52.02,0.498,-12.5,171.87,Medium Risk
STU0141,FAC001,76.1,59.0,55.5,62.4,65.6,58.97,0.761,6.67,7.88,Medium Risk
STU0142,FAC001,95.5,95.0,80.6,86.0,63.8,87.23,0.955,-23.41,35.34,Low Risk
STU0143,FAC001,43.1,60.3,57.7,60.6,65.8,59.57,0.431,6.2,1.68,High Risk
STU0144,FAC001,75.3,37.9,61.9,69.7,66.9,56.51,0.753,10.4,182.44,Medium Risk
STU0145,FAC001,76.7,60.6,57.4,43.9,59.4,53.97,0.767,5.46,52.02,Medium Risk
STU0146,FAC001,86.1,60.1,60.2,69.3,86.8,63.2,0.861,23.64,18.48,Medium Risk
STU0147,FAC001,49.7,16.5,43.6,58.8,37.4,39.61,0.497,-2.22,306.88,High Risk
STU0148,FAC001,48.2,64.0,38.4,78.8,49.7,60.39,0.482,-10.65,278.05,Medium Risk
STU0149,FAC001,81.4,60.8,83.9,82.2,61.3,75.65,0.814,-14.3,110.1,Low Risk
STU0150,FAC001,77.3,77.5,47.3,100.0,36.7,74.94,0.773,-38.23,466.31,Low Risk
STU0151,FAC001,76.5,98.3,45.1,71.9,60.2,71.75,0.765,-11.57,470.86,Low Risk
STU0152,FAC001,78.2,85.3,27.7,67.5,89.6,60.17,0.782,29.41,579.69,Medium Risk
STU0153,FAC001,59.8,60.2,50.4,65.3,63.3,58.63,0.598,4.71,38.12,Medium Risk
STU0154,FAC001,76.2,45.1,40.2,56.0,66.7,47.08,0.762,19.61,43.82,Medium Risk
STU0155,FAC001,77.3,100.0,84.6,67.8,42.8,84.13,0.773,-41.29,173.42,Low Risk
STU0156,FAC001,59.1,66.1,75.1,57.0,53.1,66.06,0.591,-12.93,55.02,Medium Risk
STU0157,FAC001,100.0,65.3,49.7,64.9,57.0,59.93,1.0,-2.93,52.59,Low Risk
STU0158,FAC001,80.5,64.6,93.8,84.4,57.9,80.92,0.805,-23.0,148.37,Low Risk
STU0159,FAC001,50.6,68.6,74.7,44.9,83.5,62.73,0.506,20.78,165.43,High Risk
STU0160,FAC001,83.8,62.4,55.1,81.4,71.9,66.3,0.838,5.62,122.46,Low Risk
STU0161,FAC001,54.5,54.7,22.5,84.4,45.2,53.86,0.545,-8.64,638.56,High Risk
STU0162,FAC001,86.2,55.2,94.4,60.0,66.9,69.84,0.862,-2.89,304.67,Low Risk
STU0163,FAC001,92.9,64.4,39.2,25.9,71.0,43.17,0.929,27.81,254.85,High Risk
STU0164,FAC001,57.2,55.2,35.3,51.7,81.2,47.4,0.572,33.84,75.09,High Risk
STU0165,FAC001,89.3,52.2,75.3,84.0,88.3,70.52,0.893,17.77,181.01,Medium Risk
STU0166,FAC001,79.4,66.9,96.6,61.6,46.8,75.04,0.794,-28.28,237.0,Low Risk
STU0167,FAC001,86.8,60.4,80.8,45.0,50.0,62.06,0.868,-12.04,214.4,Low Risk
STU0168,FAC001,100.0,92.1,68.5,53.4,42.9,71.32,1.0,-28.44,253.09,Low Risk
STU0169,FAC001,67.6,17.3,68.9,76.3,59.3,54.16,0.676,5.09,689.2,Medium Risk
STU0170,FAC001,58.4,84.6,72.8,71.3,70.5,76.25,0.584,-5.79,35.65,Medium Risk
STU0171,FAC001,56.0,87.4,71.4,57.9,78.8,72.25,0.56,6.55,145.33,Medium Risk
STU0172,FAC001,57.3,27.7,64.2,55.8,61.8,49.22,0.573,12.56,243.93,High Risk
STU0173,FAC001,70.6,58.8,61.6,55.3,57.9,58.58,0.706,-0.7,6.49,Medium Risk
STU0174,FAC001,78.1,58.3,59.1,46.3,65.4,54.56,0.781,10.86,34.09,Medium Risk
STU0175,FAC001,77.0,39.7,48.7,89.5,49.6,59.27,0.77,-9.63,469.27,Medium Risk
STU0176,FAC001,86.9,51.0,55.8,56.5,96.4,54.44,0.869,42.0,6.0,Medium Risk
STU0177,FAC001,72.2,45.0,34.6,82.7,37.3,54.1,0.722,-16.82,426.72,Medium Risk
STU0178,FAC001,98.2,96.5,58.5,87.9,66.0,80.98,0.982,-15.02,264.58,Low Risk
STU0179,FAC001,67.2,81.8,45.2,79.0,95.4,68.66,0.672,26.72,277.27,Medium Risk
STU0180,FAC001,100.0,87.9,43.4,54.7,63.1,62.0,1.0,1.11,356.09,Low Risk
STU0181,FAC001,83.3,78.0,62.7,68.9,60.0,69.85,0.833,-9.89,39.46,Low Risk
STU0182,FAC001,56.6,44.7,80.9,61.6,57.3,62.38,0.566,-5.1,218.76,Medium Risk
STU0183,FAC001,52.7,55.6,73.8,46.6,60.1,58.66,0.527,1.46,127.54,Medium Risk
STU0184,FAC001,80.7,73.8,36.4,67.5,85.0,59.26,0.807,25.71,266.81,Medium Risk
STU0185,FAC001,68.0,43.0,45.2,42.0,27.6,43.37,0.68,-15.76,1.77,Medium Risk
STU0186,FAC001,84.9,77.8,74.1,82.2,87.5,78.05,0.849,9.49,10.9,Low Risk
STU0187,FAC001,80.5,60.7,45.3,54.1,40.2,53.35,0.805,-13.13,39.87,Low Risk
STU0188,FAC001,70.7,58.3,56.6,65.4,58.7,60.1,0.707,-1.37,14.58,Low Risk
STU0189,FAC001,56.8,77.8,68.3,66.8,56.1,70.95,0.568,-14.82,23.75,Medium Risk
STU0190,FAC001,44.7,73.0,45.5,57.6,72.4,58.69,0.447,13.73,126.84,High Risk
STU0191,FAC001,64.0,58.5,61.6,72.0,37.4,64.02,0.64,-26.59,33.22,Low Risk
STU0192,FAC001,87.4,85.9,40.0,53.9,70.4,59.93,0.874,10.47,368.81,Medium Risk
STU0193,FAC001,75.9,45.5,51.0,76.8,95.4,57.78,0.759,37.61,186.09,Medium Risk
STU0194,FAC001,49.6,76.1,64.8,39.1,41.2,60.0,0.496,-18.81,239.28,Medium Risk
STU0195,FAC001,75.1,75.7,36.1,64.1,66.0,58.64,0.751,7.39,276.13,Medium Risk
STU0196,FAC001,78.9,59.4,66.6,95.0,52.4,73.67,0.789,-21.26,235.35,Low Risk
STU0197,FAC001,56.1,70.9,59.7,45.0,69.8,58.52,0.561,11.29,112.29,High Risk
STU0198,FAC001,74.8,42.5,68.3,50.5,63.3,53.75,0.748,9.56,116.35,Medium Risk
STU0199,FAC001,73.0,81.6,63.4,70.7,52.7,71.91,0.73,-19.17,56.34,Low Risk
STU0200,FAC001,51.4,61.7,80.5,65.1,70.8,69.06,0.514,1.74,66.88,Medium Risk
STU0201,FAC001,78.4,55.6,61.9,68.0,91.9,61.81,0.784,30.06,25.5,Medium Risk
STU0202,FAC001,82.1,83.9,53.6,70.3,59.9,69.25,0.821,-9.31,153.82,Low Risk
STU0203,FAC001,91.5,52.3,61.8,72.8,74.5,62.32,0.915,12.2,69.94,Low Risk
STU0204,FAC001,91.0,39.6,68.1,80.9,42.3,62.89,0.91,-20.58,296.99,Low Risk
STU0205,FAC001,47.2,37.0,60.7,69.0,47.7,55.56,0.472,-7.86,183.9,Medium Risk
STU0206,FAC001,55.1,75.9,60.6,57.9,70.6,64.81,0.551,5.75,62.86,Medium Risk
STU0207,FAC001,81.3,42.0,49.5,73.4,86.7,54.95,0.813,31.79,180.21,Medium Risk
STU0208,FAC001,81.2,96.6,50.1,94.3,68.7,80.31,0.812,-11.62,458.62,Low Risk
STU0209,FAC001,81.3,27.5,39.0,59.7,58.0,42.08,0.813,15.91,177.88,High Risk
STU0210,FAC001,100.0,95.5,86.2,45.4,63.0,75.74,1.0,-12.75,473.58,Low Risk
STU0211,FAC001,82.3,68.8,41.3,80.8,43.0,63.65,0.823,-20.66,272.99,Low Risk
STU0212,FAC001,92.4,63.3,49.6,60.0,72.7,57.61,0.924,15.07,33.82,Medium Risk
STU0213,FAC001,89.2,55.2,49.2,25.1,77.1,43.16,0.892,33.96,169.66,High Risk
STU0214,FAC001,83.7,72.2,73.4,76.4,55.8,74.0,0.837,-18.24,3.14,Low Risk
STU0215,FAC001,66.3,64.3,55.6,52.9,55.5,57.6,0.663,-2.12,23.8,Medium Risk
STU0216,FAC001,85.7,84.9,78.7,60.5,67.3,74.68,0.857,-7.42,107.36,Low Risk
STU0217,FAC001,58.1,67.1,49.9,67.6,56.0,61.53,0.581,-5.52,67.74,Medium Risk
STU0218,FAC001,67.7,67.7,64.2,65.2,61.9,65.71,0.677,-3.77,2.18,Low Risk
STU0219,FAC001,63.3,58.5,47.5,74.1,96.6,60.0,0.633,36.6,119.03,Medium Risk
STU0220,FAC001,73.5,64.0,92.2,54.6,59.0,70.25,0.735,-11.2,255.07,Low Risk
STU0221,FAC001,100.0,70.5,42.2,70.7,57.3,61.15,1.0,-3.88,179.82,Low Risk
STU0222,FAC001,38.4,34.2,64.6,57.6,52.6,52.15,0.384,0.49,169.12,Medium Risk
STU0223,FAC001,84.4,40.7,69.5,74.6,74.9,61.6,0.844,13.31,221.97,Low Risk
STU0224,FAC001,43.0,78.4,66.2,72.5,60.1,72.35,0.43,-12.25,24.7,Medium Risk
STU0225,FAC001,63.5,68.1,57.2,46.1,52.6,57.13,0.635,-4.52,80.51,Medium Risk
STU0226,FAC001,91.6,61.7,58.1,80.5,84.1,66.73,0.916,17.41,96.42,Medium Risk
STU0227,FAC001,73.2,65.3,60.7,52.9,85.7,59.63,0.732,26.09,26.34,Medium Risk
STU0228,FAC001,52.6,71.3,57.8,75.7,53.4,68.26,0.526,-14.87,58.13,Medium Risk
STU0229,FAC001,59.1,55.3,74.5,68.2,33.1,66.0,0.591,-32.86,63.8,Medium Risk
STU0230,FAC001,84.2,51.0,93.2,93.2,79.1,79.13,0.842,-0.01,395.99,Low Risk
STU0231,FAC001,58.9,68.5,51.6,58.2,52.0,59.45,0.589,-7.41,48.32,Medium Risk
STU0232,FAC001,75.9,47.4,39.5,56.1,75.7,47.63,0.759,28.02,46.0,Medium Risk
STU0233,FAC001,72.8,72.3,58.7,61.7,31.5,64.23,0.728,-32.75,34.44,Low Risk
STU0234,FAC001,60.3,34.4,98.7,56.8,77.3,63.3,0.603,13.98,710.8,Medium Risk
STU0235,FAC001,100.0,83.5,47.9,75.6,43.6,69.02,1.0,-25.4,232.61,Low Risk
STU0236,FAC001,83.4,73.5,84.6,34.5,74.7,64.21,0.834,10.49,460.99,Medium Risk
STU0237,FAC001,35.5,69.6,85.2,44.1,63.2,66.29,0.355,-3.06,286.75,Medium Risk
STU0238,FAC001,75.4,82.7,51.7,43.8,47.7,59.41,0.754,-11.67,281.19,Low Risk
STU0239,FAC001,60.1,95.0,68.5,78.2,56.5,80.56,0.601,-24.07,119.43,Low Risk
STU0240,FAC001,87.3,83.3,84.4,91.1,74.0,86.26,0.873,-12.27,11.87,Low Risk
STU0241,FAC001,57.7,31.9,54.3,60.2,64.7,48.8,0.577,15.89,149.24,High Risk
STU0242,FAC001,69.9,42.0,56.9,59.1,72.4,52.68,0.699,19.67,58.19,Medium Risk
STU0243,FAC001,81.1,53.8,51.3,63.2,94.6,56.07,0.811,38.55,26.36,Medium Risk
STU0244,FAC001,87.6,65.5,44.8,81.8,38.0,64.0,0.876,-26.03,228.92,Low Risk
STU0245,FAC001,50.4,74.3,50.3,46.2,88.9,56.94,0.504,31.94,153.73,High Risk
STU0246,FAC001,66.0,51.9,41.6,66.1,64.7,53.21,0.66,11.46,100.13,Medium Risk
STU0247,FAC001,63.5,68.4,60.5,78.6,48.6,69.15,0.635,-20.53,54.71,Low Risk
STU0248,FAC001,60.2,51.4,48.5,70.5,41.7,56.79,0.602,-15.08,95.68,Medium Risk
STU0249,FAC001,100.0,54.0,63.5,65.2,60.0,60.91,1.0,-0.93,24.4,Low Risk
STU0250,FAC001,79.3,39.7,36.7,79.0,77.7,51.79,0.793,25.96,372.29,Medium Risk
STU0251,FAC002,49.3,48.4,65.0,16.0,61.0,43.13,0.493,17.83,412.62,High Risk
STU0252,FAC002,88.5,40.7,72.5,73.5,87.2,62.23,0.885,24.95,232.64,Medium Risk
STU0253,FAC002,100.0,47.4,30.1,50.9,39.8,42.8,1.0,-3.02,82.74,Medium Risk
STU0254,FAC002,90.6,84.0,65.6,30.9,62.8,60.15,0.906,2.65,484.59,Low Risk
STU0255,FAC002,44.7,47.9,78.4,70.7,43.0,65.67,0.447,-22.71,167.68,Medium Risk
STU0256,FAC002,63.3,100.0,41.9,85.4,68.8,75.74,0.633,-6.92,609.7,Medium Risk
STU0257,FAC002,94.8,73.9,85.1,59.7,77.2,72.88,0.948,4.31,108.24,Low Risk
STU0258,FAC002,59.3,68.3,66.3,78.2,56.3,70.94,0.593,-14.67,27.06,Medium Risk
STU0259,FAC002,80.0,49.5,49.4,89.4,21.3,62.79,0.8,-41.46,354.16,Low Risk
STU0260,FAC002,85.9,77.6,59.2,84.4,66.2,73.71,0.859,-7.52,113.35,Low Risk
STU0261,FAC002,55.3,54.6,68.4,89.9,70.0,70.96,0.553,-0.98,210.34,Medium Risk
STU0262,FAC002,70.9,67.2,61.1,74.6,69.5,67.65,0.709,1.82,30.37,Low Risk
STU0263,FAC002,20.0,100.0,68.1,63.3,82.8,77.12,0.2,5.65,265.56,Medium Risk
STU0264,FAC002,53.6,63.3,46.2,34.8,45.9,48.08,0.536,-2.21,137.19,Medium Risk
STU0265,FAC002,67.5,85.7,62.5,57.8,73.9,68.68,0.675,5.2,148.31,Medium Risk
STU0266,FAC002,49.5,52.3,38.8,47.7,82.1,46.27,0.495,35.81,31.57,High Risk
STU0267,FAC002,100.0,64.4,58.3,98.9,34.5,73.87,1.0,-39.33,319.5,Low Risk
STU0268,FAC002,46.3,96.9,46.4,59.0,68.1,67.44,0.463,0.67,459.46,Medium Risk
STU0269,FAC002,64.1,53.7,49.0,64.1,54.9,55.59,0.641,-0.66,39.9,Medium Risk
STU0270,FAC002,74.4,97.6,78.5,71.4,61.7,82.51,0.744,-20.82,122.72,Low Risk
STU0271,FAC002,97.9,77.7,76.4,62.7,68.6,72.28,0.979,-3.72,45.84,Low Risk
STU0272,FAC002,46.2,54.9,69.1,90.8,55.2,71.61,0.462,-16.41,218.34,Medium Risk
STU0273,FAC002,92.9,76.4,43.6,51.4,52.2,57.14,0.929,-4.95,195.33,Low Risk
STU0274,FAC002,72.2,82.5,55.3,65.3,63.5,67.69,0.722,-4.14,126.61,Low Risk
STU0275,FAC002,54.3,76.2,78.2,49.4,45.6,67.92,0.543,-22.32,172.62,Medium Risk
STU0276,FAC002,80.3,36.7,62.1,39.6,45.6,46.14,0.803,-0.51,129.09,Low Risk
STU0277,FAC002,75.6,51.9,94.8,51.6,73.9,66.1,0.756,7.77,411.56,Medium Risk
STU0278,FAC002,61.2,60.5,65.9,61.4,44.6,62.6,0.612,-17.99,5.54,Low Risk
STU0279,FAC002,73.3,63.7,62.9,54.7,73.7,60.41,0.733,13.25,16.42,Medium Risk
STU0280,FAC002,65.1,76.2,55.4,50.2,70.4,60.59,0.651,9.81,125.82,Medium Risk
STU0281,FAC002,74.0,68.2,62.0,38.1,35.4,56.1,0.74,-20.71,168.5,Medium Risk
STU0282,FAC002,83.9,41.0,57.7,60.6,52.2,53.09,0.839,-0.93,74.87,Low Risk
STU0283,FAC002,100.0,71.8,70.6,36.4,82.1,59.63,1.0,22.48,269.57,Medium Risk
STU0284,FAC002,49.7,76.0,74.4,74.9,47.3,75.09,0.497,-27.79,0.46,Medium Risk
STU0285,FAC002,100.0,75.1,48.2,63.4,55.6,62.23,1.0,-6.66,120.98,Low Risk
STU0286,FAC002,36.9,84.5,40.0,37.2,70.4,53.9,0.369,16.49,468.02,High Risk
STU0287,FAC002,69.3,80.0,32.5,56.7,75.5,56.4,0.693,19.13,376.95,High Risk
STU0288,FAC002,82.6,73.3,67.6,49.2,59.0,63.37,0.826,-4.39,105.46,Low Risk
STU0289,FAC002,77.1,63.7,43.4,67.4,53.4,58.2,0.771,-4.76,111.12,Low Risk
STU0290,FAC002,60.8,35.1,27.7,84.8,85.8,49.2,0.608,36.56,642.39,High Risk
STU0291,FAC002,68.3,72.7,65.8,30.1,90.8,56.23,0.683,34.59,348.7,High Risk
STU0292,FAC002,63.1,68.7,97.4,64.0,78.7,76.7,0.631,1.97,218.03,Low Risk
STU0293,FAC002,61.4,69.9,59.9,59.3,64.4,63.03,0.614,1.34,23.62,Low Risk
STU0294,FAC002,87.3,42.0,72.6,73.4,50.1,62.67,0.873,-12.6,213.35,Low Risk
STU0295,FAC002,78.4,45.5,61.2,65.6,49.7,57.46,0.784,-7.75,74.3,Low Risk
STU0296,FAC002,59.5,84.0,58.5,49.2,71.4,63.9,0.595,7.46,215.62,Medium Risk
STU0297,FAC002,88.2,64.3,73.8,56.6,69.7,64.88,0.882,4.81,49.54,Low Risk
STU0298,FAC002,77.5,77.3,55.6,48.5,85.4,60.46,0.775,24.97,149.82,Medium Risk
STU0299,FAC002,86.6,65.5,64.0,80.3,73.4,69.94,0.866,3.47,53.98,Low Risk
STU0300,FAC002,83.3,65.5,64.8,62.4,39.0,64.24,0.833,-25.29,1.85,Low Risk
STU0301,FAC002,57.1,81.9,50.0,94.3,79.8,75.4,0.571,4.44,348.78,Medium Risk
STU0302,FAC002,61.9,55.7,74.9,61.0,47.0,63.85,0.619,-16.82,65.41,Low Risk
STU0303,FAC002,85.5,66.7,57.4,50.0,56.9,58.02,0.855,-1.16,47.1,Low Risk
STU0304,FAC002,83.0,56.7,48.7,36.3,67.0,47.2,0.83,19.8,70.51,Medium Risk
STU0305,FAC002,71.6,57.2,68.0,31.3,94.9,52.19,0.716,42.74,236.93,Medium Risk
STU0306,FAC002,74.1,59.4,46.5,35.1,100.0,47.01,0.741,52.99,99.06,Medium Risk
STU0307,FAC002,95.0,69.0,60.4,66.5,72.7,65.32,0.95,7.39,13.0,Low Risk
STU0308,FAC002,61.4,56.4,59.9,70.6,60.1,62.3,0.614,-2.23,36.88,Low Risk
STU0309,FAC002,81.8,87.6,76.3,35.1,71.6,66.34,0.818,5.21,508.61,Medium Risk
STU0310,FAC002,68.4,48.9,67.1,77.2,77.2,64.41,0.684,12.79,137.33,Medium Risk
STU0311,FAC002,68.1,61.6,59.6,53.8,57.9,58.35,0.681,-0.48,11.08,Medium Risk
STU0312,FAC002,91.8,57.1,72.3,64.5,91.7,64.62,0.918,27.11,38.42,Medium Risk
STU0313,FAC002,86.9,91.0,80.9,89.4,66.7,87.1,0.869,-20.42,19.97,Low Risk
STU0314,FAC002,86.6,68.5,68.4,77.2,71.0,71.38,0.866,-0.42,17.19,Low Risk
STU0315,FAC002,95.5,83.6,60.2,57.4,73.7,67.05,0.955,6.6,137.67,Low Risk
STU0316,FAC002,72.4,38.3,40.3,46.8,69.7,41.81,0.724,27.93,13.4,High Risk
STU0317,FAC002,84.3,69.8,44.0,25.4,76.4,46.42,0.843,30.01,331.24,Medium Risk
STU0318,FAC002,66.4,81.0,55.4,49.8,53.1,62.07,0.664,-8.95,184.74,Low Risk
STU0319,FAC002,77.8,66.5,50.9,58.4,54.1,58.58,0.778,-4.52,40.7,Low Risk
STU0320,FAC002,69.7,84.2,57.2,45.2,45.4,62.2,0.697,-16.8,265.5,Low Risk
STU0321,FAC002,73.7,55.7,60.8,59.8,70.0,58.77,0.737,11.26,4.94,Medium Risk
STU0322,FAC002,82.7,90.4,67.9,63.3,75.5,73.87,0.827,1.59,139.63,Low Risk
STU0323,FAC002,57.3,100.0,58.9,58.2,70.3,72.37,0.573,-2.05,381.71,Medium Risk
STU0324,FAC002,100.0,58.5,67.3,50.9,89.8,58.91,1.0,30.89,44.64,Medium Risk
STU0325,FAC002,53.9,57.0,61.0,64.9,62.9,60.94,0.539,1.97,10.37,Medium Risk
STU0326,FAC002,50.1,91.2,30.4,69.5,73.7,63.68,0.501,10.02,632.97,High Risk
STU0327,FAC002,92.8,93.4,45.9,43.5,45.5,60.94,0.928,-15.4,529.03,Low Risk
STU0328,FAC002,86.2,55.6,57.8,86.0,56.8,66.47,0.862,-9.66,191.26,Low Risk
STU0329,FAC002,83.2,57.4,41.9,60.3,74.1,53.21,0.832,20.92,65.81,Medium Risk
STU0330,FAC002,83.3,59.9,69.0,62.3,76.6,63.75,0.833,12.84,14.73,Low Risk
STU0331,FAC002,71.8,40.8,83.0,74.0,58.3,65.93,0.718,-7.64,329.12,Medium Risk
STU0332,FAC002,55.8,48.5,78.3,66.0,61.9,64.24,0.558,-2.38,149.67,Medium Risk
STU0333,FAC002,73.4,46.9,56.8,78.2,38.7,60.64,0.734,-21.93,170.44,Low Risk
STU0334,FAC002,59.8,51.2,82.4,66.9,57.3,66.81,0.598,-9.52,162.05,Medium Risk
STU0335,FAC002,89.6,64.4,62.2,51.6,77.2,59.4,0.896,17.85,31.26,Medium Risk
STU0336,FAC002,69.4,69.2,54.9,68.1,72.2,64.1,0.694,8.1,42.13,Medium Risk
STU0337,FAC002,57.1,92.9,50.8,42.6,71.0,62.09,0.571,8.92,486.28,High Risk
STU0338,FAC002,66.2,47.0,55.5,63.8,63.8,55.45,0.662,8.35,47.13,Medium Risk
STU0339,FAC002,79.4,82.7,54.2,61.4,63.1,66.11,0.794,-3.0,146.69,Low Risk
STU0340,FAC002,61.9,61.1,62.6,58.5,52.4,60.72,0.619,-8.29,2.88,Low Risk
STU0341,FAC002,57.2,64.1,62.4,59.8,74.2,62.11,0.572,12.07,3.12,Medium Risk
STU0342,FAC002,76.4,77.1,60.0,30.0,69.7,55.73,0.764,14.0,379.63,Medium Risk
STU0343,FAC002,76.4,44.8,66.6,52.7,70.9,54.67,0.764,16.2,80.94,Medium Risk
STU0344,FAC002,62.9,71.9,77.9,63.6,54.6,71.11,0.629,-16.52,34.29,Low Risk
STU0345,FAC002,63.5,68.0,74.2,64.7,28.5,68.99,0.635,-40.44,15.61,Low Risk
STU0346,FAC002,76.2,73.9,37.7,44.5,80.6,52.04,0.762,28.51,245.86,Medium Risk
STU0347,FAC002,45.9,70.2,21.7,83.5,55.3,58.47,0.459,-3.13,705.92,High Risk
STU0348,FAC002,46.7,100.0,74.0,47.3,49.2,73.76,0.467,-24.57,463.35,Medium Risk
STU0349,FAC002,59.1,53.5,39.5,78.5,74.1,57.17,0.591,16.93,259.94,High Risk
STU0350,FAC002,68.2,55.4,56.6,69.3,56.7,60.44,0.682,-3.72,39.11,Low Risk
STU0351,FAC002,77.6,53.8,42.4,51.0,80.0,49.08,0.776,30.88,23.28,Medium Risk
STU0352,FAC002,98.6,55.0,33.0,92.2,72.9,60.05,0.986,12.82,597.05,Medium Risk
STU0353,FAC002,87.4,53.5,68.1,41.7,73.9,54.45,0.874,19.48,116.71,Medium Risk
STU0354,FAC002,69.1,86.4,71.4,77.6,41.1,78.47,0.691,-37.33,37.93,Low Risk
STU0355,FAC002,71.7,90.6,51.4,79.0,82.4,73.64,0.717,8.75,270.72,Medium Risk
STU0356,FAC002,54.0,54.7,21.1,50.6,67.2,42.15,0.54,25.03,223.74,High Risk
STU0357,FAC002,71.7,50.0,51.8,85.7,57.1,62.5,0.717,-5.41,269.03,Low Risk
STU0358,FAC002,66.8,73.5,65.9,57.7,65.3,65.7,0.668,-0.41,41.29,Low Risk
STU0359,FAC002,77.8,55.1,37.8,66.9,34.6,53.26,0.778,-18.68,142.67,Low Risk
STU0360,FAC002,57.1,76.4,62.8,66.4,69.5,68.52,0.571,1.02,33.22,Medium Risk
STU0361,FAC002,81.3,68.7,59.8,59.7,46.5,62.71,0.813,-16.18,17.64,Low Risk
STU0362,FAC002,99.6,37.7,68.7,75.8,41.4,60.73,0.996,-19.37,273.19,Low Risk
STU0363,FAC002,70.0,92.9,61.8,75.5,38.6,76.71,0.7,-38.07,161.55,Low Risk
STU0364,FAC002,79.2,97.3,45.4,32.3,80.8,58.33,0.792,22.47,788.87,Medium Risk
STU0365,FAC002,84.4,54.0,77.9,84.2,52.9,72.03,0.844,-19.1,169.56,Low Risk
STU0366,FAC002,64.8,58.0,57.6,33.7,87.5,49.79,0.648,37.75,128.92,Medium Risk
STU0367,FAC002,76.0,70.1,59.6,79.6,54.4,69.76,0.76,-15.34,66.49,Low Risk
STU0368,FAC002,72.2,71.0,46.0,81.2,35.7,66.06,0.722,-30.38,218.27,Low Risk
STU0369,FAC002,73.8,76.9,53.4,43.5,45.1,57.89,0.738,-12.75,196.21,Medium Risk
STU0370,FAC002,58.1,100.0,46.7,55.0,82.8,67.25,0.581,15.52,547.79,High Risk
STU0371,FAC002,72.4,61.8,57.4,43.2,60.5,54.14,0.724,6.36,63.06,Medium Risk
STU0372,FAC002,81.0,50.6,85.7,58.3,54.2,64.88,0.81,-10.66,226.06,Low Risk
STU0373,FAC002,98.1,40.2,39.4,56.8,65.6,45.45,0.981,20.11,64.06,Medium Risk
STU0374,FAC002,89.3,51.8,35.8,75.3,71.0,54.3,0.893,16.73,262.5,Medium Risk
STU0375,FAC002,100.0,64.4,82.1,84.3,80.9,76.92,1.0,3.96,79.08,Low Risk
STU0376,FAC002,58.2,97.3,56.9,85.7,86.2,79.96,0.582,6.21,289.2,Medium Risk
STU0377,FAC002,87.7,55.7,50.0,52.4,57.2,52.7,0.877,4.55,5.48,Low Risk
STU0378,FAC002,75.3,69.0,75.6,58.4,41.8,67.69,0.753,-25.91,49.95,Low Risk
STU0379,FAC002,100.0,64.7,50.9,33.4,56.4,49.67,1.0,6.72,164.3,Medium Risk
STU0380,FAC002,57.5,86.4,87.4,48.3,67.2,74.03,0.575,-6.86,331.1,Medium Risk
STU0381,FAC002,56.9,100.0,70.2,78.4,47.6,82.86,0.569,-35.28,158.24,Medium Risk
STU0382,FAC002,61.2,55.4,52.7,89.5,47.7,65.86,0.612,-18.18,279.78,Low Risk
STU0383,FAC002,33.8,56.2,92.4,41.0,68.5,63.19,0.338,5.31,463.85,High Risk
STU0384,FAC002,62.5,83.8,50.9,51.9,62.2,62.21,0.625,0.01,233.07,Low Risk
STU0385,FAC002,58.3,77.3,71.1,61.6,63.5,69.99,0.583,-6.46,41.86,Medium Risk
STU0386,FAC002,74.7,98.2,64.5,66.8,50.9,76.5,0.747,-25.63,237.24,Low Risk
STU0387,FAC002,78.2,75.5,79.5,48.2,59.3,67.76,0.782,-8.44,193.22,Low Risk
STU0388,FAC002,100.0,58.5,83.4,69.2,48.2,70.39,1.0,-22.18,103.95,Low Risk
STU0389,FAC002,89.1,75.6,60.5,53.9,77.2,63.35,0.891,13.89,82.51,Low Risk
STU0390,FAC002,61.6,85.0,48.7,61.8,79.6,65.14,0.616,14.43,224.83,Medium Risk
STU0391,FAC002,55.8,79.8,66.9,71.3,33.5,72.65,0.558,-39.19,28.53,Medium Risk
STU0392,FAC002,80.9,74.1,49.8,62.1,48.1,62.02,0.809,-13.9,98.39,Low Risk
STU0393,FAC002,48.2,84.2,90.2,54.6,39.1,76.33,0.482,-37.27,242.45,Medium Risk
STU0394,FAC002,100.0,86.0,62.0,60.1,52.6,69.41,1.0,-16.81,139.0,Low Risk
STU0395,FAC002,93.2,89.9,54.5,60.5,61.7,68.3,0.932,-6.63,238.8,Low Risk
STU0396,FAC002,63.6,76.7,62.8,55.7,39.8,65.05,0.636,-25.25,75.87,Low Risk
STU0397,FAC002,41.2,62.0,39.8,57.6,48.3,53.13,0.412,-4.88,92.13,Medium Risk
STU0398,FAC002,96.4,67.6,45.4,89.2,46.9,67.41,0.964,-20.48,319.05,Low Risk
STU0399,FAC002,69.9,86.7,78.0,71.5,66.3,78.75,0.699,-12.44,38.69,Low Risk
STU0400,FAC002,94.3,50.3,50.1,57.0,64.1,52.47,0.943,11.64,10.15,Medium Risk
STU0401,FAC002,43.3,71.6,44.3,73.8,51.5,63.26,0.433,-11.81,180.63,Medium Risk
STU0402,FAC002,61.2,57.9,68.0,56.3,65.8,60.76,0.612,5.06,26.96,Medium Risk
STU0403,FAC002,72.1,65.5,77.8,81.9,54.3,75.08,0.721,-20.83,48.62,Low Risk
STU0404,FAC002,72.8,88.0,70.8,68.3,58.7,75.69,0.728,-17.04,76.92,Low Risk
STU0405,FAC002,63.9,68.4,74.9,60.2,89.8,67.85,0.639,21.92,36.51,Medium Risk
STU0406,FAC002,83.2,65.8,48.6,69.6,84.4,61.37,0.832,23.08,83.24,Medium Risk
STU0407,FAC002,52.8,40.5,38.7,35.3,42.2,38.16,0.528,4.04,4.68,High Risk
STU0408,FAC002,69.4,78.4,82.5,42.8,76.3,67.93,0.694,8.34,317.48,Medium Risk
STU0409,FAC002,74.2,76.6,55.2,41.7,76.0,57.83,0.742,18.16,206.74,Medium Risk
STU0410,FAC002,81.3,100.0,56.2,64.4,44.6,73.56,0.813,-28.93,360.83,Low Risk
STU0411,FAC002,84.8,59.5,79.9,91.5,76.1,76.95,0.848,-0.84,175.02,Low Risk
STU0412,FAC002,51.8,68.9,68.3,99.9,87.6,79.07,0.518,8.53,217.6,Medium Risk
STU0413,FAC002,44.4,69.5,66.8,72.8,45.0,69.72,0.444,-24.69,6.04,Medium Risk
STU0414,FAC002,95.0,93.4,92.5,70.5,48.3,85.46,0.95,-37.14,111.84,Low Risk
STU0415,FAC002,78.0,63.3,50.3,31.4,79.3,48.34,0.78,30.94,171.65,Medium Risk
STU0416,FAC002,58.5,70.0,73.9,52.8,67.3,65.57,0.585,1.77,84.41,Medium Risk
STU0417,FAC002,99.9,75.9,60.9,48.6,71.8,61.8,0.999,10.02,124.98,Low Risk
STU0418,FAC002,74.1,68.4,64.0,51.4,68.4,61.28,0.741,7.17,51.46,Medium Risk
STU0419,FAC002,93.2,57.0,82.9,59.1,69.3,66.34,0.932,2.91,138.28,Low Risk
STU0420,FAC002,73.2,68.5,67.6,54.0,41.8,63.36,0.732,-21.59,44.19,Low Risk
STU0421,FAC002,100.0,84.3,68.1,28.4,79.8,60.25,1.0,19.51,552.78,Medium Risk
STU0422,FAC002,100.0,46.5,76.1,74.7,81.7,65.77,1.0,15.94,185.64,Medium Risk
STU0423,FAC002,67.5,67.4,54.5,43.8,59.3,55.23,0.675,4.1,93.31,Medium Risk
STU0424,FAC002,89.5,52.4,47.4,66.1,62.3,55.29,0.895,7.01,62.19,Medium Risk
STU0425,FAC002,83.6,86.5,44.3,97.3,38.5,76.03,0.836,-37.53,521.85,Low Risk
STU0426,FAC002,96.6,37.6,30.5,46.4,71.2,38.15,0.966,33.08,42.12,High Risk
STU0427,FAC002,54.6,54.9,90.8,19.0,72.2,54.92,0.546,17.23,860.6,High Risk
STU0428,FAC002,84.3,71.8,43.5,57.1,62.0,57.46,0.843,4.55,133.89,Low Risk
STU0429,FAC002,91.1,93.2,56.7,80.7,81.0,76.86,0.911,4.13,229.46,Low Risk
STU0430,FAC002,40.3,63.8,55.8,95.3,57.7,71.65,0.403,-14.0,290.0,Medium Risk
STU0431,FAC002,50.7,55.0,64.6,41.1,72.0,53.57,0.507,18.46,93.18,High Risk
STU0432,FAC002,35.3,98.9,72.2,70.4,46.7,80.51,0.353,-33.83,168.85,Medium Risk
STU0433,FAC002,67.2,38.9,72.9,54.1,62.6,55.31,0.672,7.31,193.09,Medium Risk
STU0434,FAC002,84.9,25.4,51.3,60.2,60.2,45.62,0.849,14.59,217.42,Medium Risk
STU0435,FAC002,99.0,72.9,57.5,100.0,66.6,76.8,0.99,-10.2,308.68,Low Risk
STU0436,FAC002,73.3,56.0,64.2,36.4,57.1,52.22,0.733,4.87,135.72,Medium Risk
STU0437,FAC002,100.0,46.6,56.3,66.3,60.9,56.4,1.0,4.5,64.66,Low Risk
STU0438,FAC002,47.2,77.8,84.1,70.0,76.2,77.27,0.472,-1.05,33.53,Medium Risk
STU0439,FAC002,41.3,69.4,67.4,80.5,56.0,72.4,0.413,-16.39,33.12,Medium Risk
STU0440,FAC002,71.0,54.8,71.0,63.7,37.3,63.18,0.71,-25.88,43.73,Low Risk
STU0441,FAC002,78.9,42.0,69.9,67.2,91.0,59.71,0.789,31.28,158.88,Medium Risk
STU0442,FAC002,71.4,80.7,77.6,55.3,85.1,71.22,0.714,13.89,127.6,Medium Risk
STU0443,FAC002,34.8,76.7,62.7,66.6,42.3,68.66,0.348,-26.34,34.8,Medium Risk
STU0444,FAC002,70.4,63.2,40.5,56.2,74.0,53.31,0.704,20.73,89.71,Medium Risk
STU0445,FAC002,48.5,98.2,66.0,72.6,55.0,78.93,0.485,-23.98,193.55,Medium Risk
STU0446,FAC002,84.1,45.7,50.2,55.7,67.2,50.56,0.841,16.65,16.65,Medium Risk
STU0447,FAC002,78.6,37.5,52.1,68.4,67.7,52.67,0.786,15.03,159.01,Medium Risk
STU0448,FAC002,55.1,52.5,68.8,61.5,59.2,60.95,0.551,-1.7,44.16,Medium Risk
STU0449,FAC002,62.8,64.2,78.6,81.1,50.5,74.63,0.628,-24.17,55.73,Low Risk
STU0450,FAC002,52.9,69.4,60.3,61.1,52.0,63.61,0.529,-11.66,16.76,Medium Risk
STU0451,FAC002,70.9,60.7,64.6,31.9,48.3,52.38,0.709,-4.04,213.26,Medium Risk
STU0452,FAC002,89.2,71.3,85.5,83.5,49.7,80.11,0.892,-30.42,39.18,Low Risk
STU0453,FAC002,54.3,42.5,63.6,46.6,61.9,50.9,0.543,11.03,83.69,High Risk
STU0454,FAC002,81.1,91.0,99.0,50.9,51.5,80.3,0.811,-28.75,443.35,Low Risk
STU0455,FAC002,62.5,63.5,68.5,51.9,73.9,61.29,0.625,12.62,48.46,Medium Risk
STU0456,FAC002,57.7,85.1,33.6,85.4,86.8,68.02,0.577,18.77,592.83,High Risk
STU0457,FAC002,70.1,71.2,71.3,25.7,53.7,56.05,0.701,-2.34,460.89,Medium Risk
STU0458,FAC002,53.4,73.2,65.7,100.0,66.8,79.65,0.534,-12.82,216.52,Medium Risk
STU0459,FAC002,62.0,75.3,79.3,80.0,71.0,78.19,0.62,-7.19,4.35,Low Risk
STU0460,FAC002,50.4,73.1,70.1,65.8,70.6,69.65,0.504,0.9,8.89,Medium Risk
STU0461,FAC002,100.0,76.6,57.9,61.1,64.2,65.19,1.0,-0.97,66.43,Low Risk
STU0462,FAC002,72.6,88.9,41.6,66.9,74.9,65.8,0.726,9.08,373.26,Medium Risk
STU0463,FAC002,59.4,68.5,56.9,70.9,70.7,65.42,0.594,5.3,37.5,Medium Risk
STU0464,FAC002,75.9,77.8,47.2,73.0,43.2,65.99,0.759,-22.79,179.59,Low Risk
STU0465,FAC002,70.0,63.4,51.3,71.4,76.9,62.04,0.7,14.87,68.59,Medium Risk
STU0466,FAC002,68.0,90.9,68.8,63.5,77.2,74.42,0.68,2.77,140.78,Low Risk
STU0467,FAC002,83.1,52.8,85.0,58.6,50.8,65.51,0.831,-14.72,196.6,Low Risk
STU0468,FAC002,85.6,97.4,65.9,59.4,63.6,74.26,0.856,-10.65,275.26,Low Risk
STU0469,FAC002,62.5,64.3,42.1,58.7,73.9,55.01,0.625,18.92,89.02,Medium Risk
STU0470,FAC002,61.6,39.2,66.7,81.3,59.7,62.4,0.616,-2.75,303.52,Medium Risk
STU0471,FAC002,67.0,67.3,77.9,72.1,80.2,72.45,0.67,7.72,18.95,Medium Risk
STU0472,FAC002,30.6,52.7,50.9,12.0,100.0,38.54,0.306,61.46,352.32,High Risk
STU0473,FAC002,44.7,80.1,58.0,73.2,50.4,70.42,0.447,-20.0,85.43,Medium Risk
STU0474,FAC002,96.6,53.3,60.2,65.3,40.9,59.59,0.966,-18.69,24.43,Low Risk
STU0475,FAC002,100.0,57.0,48.2,61.7,67.9,55.63,1.0,12.24,31.08,Medium Risk
STU0476,FAC002,67.5,31.0,69.7,55.4,74.5,52.04,0.675,22.51,255.72,Medium Risk
STU0477,FAC002,82.4,56.9,58.2,81.1,59.3,65.38,0.824,-6.08,123.93,Low Risk
STU0478,FAC002,77.6,21.4,66.3,78.1,86.3,55.26,0.776,31.0,597.43,Medium Risk
STU0479,FAC002,100.0,36.5,46.7,48.9,41.6,44.01,1.0,-2.43,29.09,Medium Risk
STU0480,FAC002,92.2,78.7,53.4,68.9,74.1,67.02,0.922,7.07,108.07,Low Risk
STU0481,FAC002,69.7,79.1,70.8,45.5,53.3,65.15,0.697,-11.85,205.0,Low Risk
STU0482,FAC002,54.8,72.7,54.4,38.5,90.5,55.2,0.548,35.31,194.25,High Risk
STU0483,FAC002,43.1,47.6,85.9,51.3,94.9,61.61,0.431,33.27,297.34,High Risk
STU0484,FAC002,75.7,64.1,54.0,76.7,50.7,64.94,0.757,-14.2,85.86,Low Risk
STU0485,FAC002,58.4,64.9,63.4,78.2,54.2,68.84,0.584,-14.63,44.28,Medium Risk
STU0486,FAC002,46.4,44.1,74.0,70.7,76.8,62.95,0.464,13.8,178.58,Medium Risk
STU0487,FAC002,60.4,92.1,38.7,74.3,56.8,68.37,0.604,-11.56,491.87,Medium Risk
STU0488,FAC002,52.5,80.8,33.6,70.8,62.3,61.72,0.525,0.55,412.39,Medium Risk
STU0489,FAC002,100.0,61.0,37.1,51.1,63.4,49.74,1.0,13.66,96.17,Medium Risk
STU0490,FAC002,87.9,65.5,78.9,69.3,32.3,71.26,0.879,-38.97,32.0,Low Risk
STU0491,FAC002,71.9,68.8,51.7,75.6,62.8,65.36,0.719,-2.58,100.83,Low Risk
STU0492,FAC002,98.6,28.2,98.4,74.8,52.0,67.15,0.986,-15.18,849.02,Low Risk
STU0493,FAC002,73.4,60.6,51.5,82.2,55.1,64.77,0.734,-9.66,165.71,Low Risk
STU0494,FAC002,56.5,52.7,62.8,74.0,86.1,63.18,0.565,22.92,75.82,High Risk
STU0495,FAC002,99.4,47.0,83.1,68.0,42.9,66.03,0.994,-23.13,219.83,Low Risk
STU0496,FAC002,81.7,59.9,90.1,80.2,76.0,76.74,0.817,-0.73,157.47,Low Risk
STU0497,FAC002,53.3,97.4,90.9,61.5,58.5,83.28,0.533,-24.74,242.95,Medium Risk
STU0498,FAC002,68.6,76.5,78.1,47.0,58.5,67.22,0.686,-8.7,204.74,Low Risk
STU0499,FAC002,56.2,54.7,75.4,59.2,75.6,63.1,0.562,12.54,78.52,Medium Risk
STU0500,FAC002,47.1,75.3,68.9,49.3,68.4,64.51,0.471,3.93,121.99,Medium Risk
